contains_bug,ns,nd,nf,entropy,la,ld,lt,fix,ndev,age,nuc,exp,rexp,sexp,glm_probability,rf_probability
False,0.0,0.0,0.0,0.0,0.0,0.0,0.0,False,0.0,0.0,0.0,0.0,0.0,0.0,0.0,0.0
False,0.0,0.0,0.0,0.0,0.0,0.0,0.0,,0.0,0.0,0.0,0.0,0.0,0.0,0.0,0.0
False,0.0,0.0,0.0,0.0,0.0,0.0,0.0,False,0.0,0.0,0.0,0.0,0.0,0.0,0.0,0.0
False,1.0,1.0,2.0,1.0,2.0,2.0,95.5,False,4.0,6.207916666666667,1.0,200.0,20.172962335147695,39.0,0.0,0.0
False,0.0,0.0,0.0,0.0,0.0,0.0,0.0,,0.0,0.0,0.0,0.0,0.0,0.0,0.0,0.0
False,0.0,0.0,0.0,0.0,0.0,0.0,0.0,,0.0,0.0,0.0,0.0,0.0,0.0,0.0,0.0
False,1.0,1.0,1.0,0.0,9.0,2.0,186.0,True,4.0,7.784537037037037,1.0,199.0,19.82805675763343,125.0,0.0,0.0
False,1.0,1.0,1.0,0.0,6.0,3.0,375.0,True,4.0,6.086990740740741,1.0,198.0,22.36835537968262,124.0,0.0,0.0
False,0.0,0.0,0.0,0.0,0.0,0.0,0.0,False,0.0,0.0,0.0,0.0,0.0,0.0,0.0,0.0
False,1.0,1.0,1.0,0.0,2.0,1.0,91.0,True,2.0,145.97917824074074,1.0,197.0,22.171655315564315,123.0,0.0,0.0
False,0.0,0.0,0.0,0.0,0.0,0.0,0.0,False,0.0,0.0,0.0,0.0,0.0,0.0,0.0,0.0
False,1.0,1.0,2.0,1.0,2.0,2.0,95.5,False,4.0,3.758298611111111,1.0,196.0,21.171655315564315,38.0,0.0,0.0
False,1.0,1.0,1.0,0.0,1.0,1.0,358.0,True,5.0,3.983344907407407,1.0,195.0,20.171655315564315,122.0,0.0,0.0
False,1.0,5.0,5.0,2.321928094887362,5.0,5.0,336.4,True,5.0,4.076782407407407,1.0,194.0,19.33477272193114,121.0,0.0,0.0
False,0.0,0.0,0.0,0.0,0.0,0.0,0.0,,0.0,0.0,0.0,0.0,0.0,0.0,0.0,0.0
False,0.0,0.0,0.0,0.0,0.0,0.0,0.0,,0.0,0.0,0.0,0.0,0.0,0.0,0.0,0.0
False,0.0,0.0,0.0,0.0,0.0,0.0,0.0,,0.0,0.0,0.0,0.0,0.0,0.0,0.0,0.0
False,0.0,0.0,0.0,0.0,0.0,0.0,0.0,,0.0,0.0,0.0,0.0,0.0,0.0,0.0,0.0
False,1.0,1.0,1.0,0.0,3.0,0.0,470.0,True,4.0,45.57158564814815,1.0,10.0,1.6914172783738,6.0,0.0,0.0
False,1.0,1.0,1.0,0.0,1.0,1.0,0.0,True,2.0,43.45326388888889,1.0,9.0,0.6914172783738,2.0,0.0,0.0
False,0.0,0.0,0.0,0.0,0.0,0.0,0.0,False,0.0,0.0,0.0,0.0,0.0,0.0,0.0,0.0
False,1.0,1.0,2.0,1.0,2.0,2.0,95.5,False,4.0,0.8830671296296296,1.0,193.0,18.528942682405447,37.0,0.0,0.0
False,0.0,0.0,0.0,0.0,0.0,0.0,0.0,,0.0,0.0,0.0,0.0,0.0,0.0,0.0,0.0
False,0.0,0.0,0.0,0.0,0.0,0.0,0.0,,0.0,0.0,0.0,0.0,0.0,0.0,0.0,0.0
False,1.0,1.0,1.0,0.0,6.0,6.0,411.0,False,5.0,13.835439814814816,1.0,166.0,23.94275915899957,65.0,0.0,0.0
False,0.0,0.0,0.0,0.0,0.0,0.0,0.0,,0.0,0.0,0.0,0.0,0.0,0.0,0.0,0.0
False,1.0,1.0,1.0,0.0,6.0,6.0,105.0,False,1.0,0.0059375,1.0,165.0,22.960291626532033,47.0,0.0,0.0
False,3.0,8.0,11.0,2.767617226454612,78.0,36.0,165.9090909090909,False,5.0,0.046868686868686865,6.0,164.0,21.960291626532033,63.333333333333336,0.0,0.0
False,2.0,3.0,5.0,1.7248605841590179,318.0,12.0,111.0,False,5.0,31.418754629629632,3.0,163.0,20.962672578912986,62.0,0.0,0.0
False,2.0,2.0,2.0,0.9784493292686189,25.0,33.0,540.5,True,5.0,0.046550925925925926,2.0,162.0,19.962672578912986,61.0,0.0,0.0
False,1.0,1.0,1.0,0.0,0.0,4.0,31.0,False,1.0,0.01650462962962963,1.0,161.0,18.962672578912986,43.0,0.0,0.0
False,2.0,3.0,4.0,1.760931216141116,169.0,19.0,83.75,False,4.0,4.174108796296296,2.0,160.0,17.962672578912986,52.5,0.0,0.0
False,1.0,1.0,1.0,0.0,4.0,0.0,45.0,False,4.0,136.97908564814816,1.0,159.0,16.962672578912986,77.0,0.0,0.0
False,2.0,2.0,2.0,0.7691928290130138,40.0,0.0,21.0,False,2.0,61.544016203703706,1.0,158.0,15.962672578912986,51.5,0.0,0.0
False,1.0,1.0,1.0,0.0,0.0,0.0,30.0,False,1.0,1.1574074074074073e-05,1.0,157.0,14.962672578912986,61.0,0.0,0.0
False,1.0,1.0,1.0,0.0,1.0,1.0,35.0,False,3.0,0.01707175925925926,1.0,192.0,17.553975620481857,32.0,0.0,0.0
False,1.0,1.0,1.0,0.0,6.0,2.0,27.0,True,1.0,158.5202662037037,1.0,191.0,16.553975620481857,0.0,0.0,0.0
False,4.0,6.0,11.0,3.405822250285691,12.0,7.0,190.27272727272728,False,5.0,33.78127314814815,3.0,190.0,15.553975620481859,50.75,0.0,0.0
False,4.0,32.0,54.0,5.192064911891635,222.0,222.0,183.62962962962962,False,6.0,104.16255915637863,27.0,189.0,14.553975620481859,44.75,0.0,0.0
False,0.0,0.0,0.0,0.0,0.0,0.0,0.0,,0.0,0.0,0.0,0.0,0.0,0.0,0.0,0.0
False,0.0,0.0,0.0,0.0,0.0,0.0,0.0,False,0.0,0.0,0.0,0.0,0.0,0.0,0.0,0.0
False,1.0,1.0,2.0,1.0,2.0,2.0,95.5,False,4.0,0.14505208333333336,2.0,188.0,13.58574394115178,35.0,0.0,0.0
False,0.0,0.0,0.0,0.0,0.0,0.0,0.0,,0.0,0.0,0.0,0.0,0.0,0.0,0.0,0.0
False,1.0,1.0,1.0,0.0,1.0,0.0,373.0,False,5.0,0.02113425925925926,1.0,156.0,13.996005912246318,76.0,0.0,0.0
False,0.0,0.0,0.0,0.0,0.0,0.0,0.0,,0.0,0.0,0.0,0.0,0.0,0.0,0.0,0.0
False,1.0,1.0,1.0,0.0,3.0,2.0,126.0,False,2.0,0.013796296296296296,1.0,187.0,12.58574394115178,14.0,0.0,0.0
False,1.0,1.0,1.0,0.0,2.0,1.0,126.0,False,2.0,0.013460648148148149,1.0,155.0,12.996005912246318,40.0,0.0,0.0
False,0.0,0.0,0.0,0.0,0.0,0.0,0.0,,0.0,0.0,0.0,0.0,0.0,0.0,0.0,0.0
False,1.0,1.0,1.0,0.0,0.0,27.0,213.0,False,4.0,0.016412037037037037,1.0,154.0,11.996005912246318,75.0,0.0,0.0
False,1.0,2.0,2.0,0.9182958340544896,30.0,15.0,410.0,False,5.0,79.00934027777778,2.0,153.0,10.996005912246318,39.0,0.0,0.0
False,1.0,1.0,1.0,0.0,3.0,3.0,355.0,True,4.0,57.04157407407408,1.0,152.0,9.996005912246318,74.0,0.0,0.0
False,1.0,1.0,1.0,0.0,4.0,18.0,387.0,True,5.0,0.17608796296296297,1.0,151.0,8.996005912246318,73.0,0.0,0.0
False,2.0,2.0,2.0,0.4394969869215134,20.0,2.0,153.0,True,5.0,76.69850694444445,2.0,150.0,7.996005912246319,66.0,0.0,0.0
False,1.0,1.0,1.0,0.0,1.0,1.0,55.0,False,4.0,12.941261574074074,1.0,186.0,11.58574394115178,34.0,0.0,0.0
False,0.0,0.0,0.0,0.0,0.0,0.0,0.0,,0.0,0.0,0.0,0.0,0.0,0.0,0.0,0.0
False,0.0,0.0,0.0,0.0,0.0,0.0,0.0,False,0.0,0.0,0.0,0.0,0.0,0.0,0.0,0.0
False,1.0,1.0,1.0,0.0,1.0,1.0,190.0,False,4.0,0.0003125,1.0,5.0,4.5,4.0,0.0,0.0
False,1.0,1.0,1.0,0.0,1.0,1.0,190.0,False,4.0,0.062002314814814816,1.0,4.0,3.5,3.0,0.0,0.0
False,1.0,1.0,1.0,0.0,1.0,1.0,1.0,False,4.0,0.061793981481481484,1.0,3.0,2.5,2.0,0.0,0.0
False,3.0,8.0,10.0,2.3962169386064516,39.0,11.0,316.3,True,5.0,23.707321759259266,3.0,2.0,1.5,1.0,0.0,0.0
False,0.0,0.0,0.0,0.0,0.0,0.0,0.0,False,0.0,0.0,0.0,0.0,0.0,0.0,0.0,0.0
False,1.0,1.0,2.0,0.5435644431995964,1.0,15.0,10.0,False,1.0,155.56987268518517,1.0,185.0,10.934223569463823,33.0,0.0,0.0
False,4.0,6.0,8.0,2.5231755948068324,46.0,18.0,225.625,True,5.0,10.647523148148148,1.0,1.0,0.5,0.0,0.0,0.0
False,0.0,0.0,0.0,0.0,0.0,0.0,0.0,False,0.0,0.0,0.0,0.0,0.0,0.0,0.0,0.0
False,5.0,35.0,59.0,4.489674669234639,2276.0,179.0,190.42372881355934,True,4.0,84.5642394460138,36.0,0.0,0.0,0.0,0.0,0.0
False,1.0,1.0,1.0,0.0,8.0,2.0,351.0,True,4.0,39.043252314814815,1.0,184.0,12.997794117647036,118.0,0.0,0.0
False,0.0,0.0,0.0,0.0,0.0,0.0,0.0,,0.0,0.0,0.0,0.0,0.0,0.0,0.0,0.0
False,1.0,1.0,1.0,0.0,1.0,1.0,0.0,False,2.0,111.65645833333333,1.0,8.0,2.3676470588235294,1.0,0.0,0.0
False,1.0,1.0,1.0,0.0,1.0,1.0,470.0,False,4.0,6.605011574074074,1.0,7.0,0.36764705882352944,5.0,0.0,0.0
False,1.0,1.0,1.0,0.0,1.0,1.0,470.0,False,4.0,14.62079861111111,1.0,6.0,0.36764705882352944,4.0,0.0,0.0
False,0.0,0.0,0.0,0.0,0.0,0.0,0.0,,0.0,0.0,0.0,0.0,0.0,0.0,0.0,0.0
False,0.0,0.0,0.0,0.0,0.0,0.0,0.0,,0.0,0.0,0.0,0.0,0.0,0.0,0.0,0.0
False,0.0,0.0,0.0,0.0,0.0,0.0,0.0,False,0.0,0.0,0.0,0.0,0.0,0.0,0.0,0.0
False,1.0,1.0,2.0,1.0,2.0,2.0,95.0,False,3.0,12.703391203703704,1.0,183.0,24.365225705666877,32.0,0.0,0.0
False,0.0,0.0,0.0,0.0,0.0,0.0,0.0,False,0.0,0.0,0.0,0.0,0.0,0.0,0.0,0.0
False,1.0,1.0,1.0,0.0,5.0,5.0,328.0,True,3.0,0.0022800925925925927,1.0,182.0,23.40542912969383,117.0,0.0,0.0
False,0.0,0.0,0.0,0.0,0.0,0.0,0.0,,0.0,0.0,0.0,0.0,0.0,0.0,0.0,0.0
False,1.0,1.0,1.0,0.0,13.0,13.0,328.0,True,3.0,0.027060185185185184,1.0,181.0,22.90542912969383,116.0,0.0,0.0
False,1.0,2.0,2.0,0.9456603046006402,11.0,11.0,328.0,True,3.0,0.7126736111111112,1.0,180.0,22.9127820708703,115.0,0.0,0.0
False,1.0,2.0,2.0,0.9798687566511527,12.0,12.0,328.0,True,3.0,6.271793981481482,1.0,179.0,21.941073387396912,114.0,0.0,0.0
False,1.0,1.0,1.0,0.0,7.0,2.0,492.0,True,3.0,11.061064814814815,1.0,178.0,20.941073387396912,113.0,0.0,0.0
False,1.0,1.0,1.0,0.0,5.0,0.0,199.0,True,4.0,66.99177083333333,1.0,177.0,19.941073387396912,112.0,0.0,0.0
False,1.0,1.0,1.0,0.0,1.0,7.0,122.0,False,3.0,6.23943287037037,1.0,176.0,18.941073387396912,111.0,0.0,0.0
False,1.0,1.0,1.0,0.0,3.0,3.0,2128.0,False,1.0,110.97616898148148,1.0,0.0,0.0,0.0,0.0,0.0
False,1.0,1.0,1.0,0.0,1.0,1.0,470.0,False,4.0,8.015787037037038,1.0,149.0,17.292715617715608,2.0,0.0,0.0
False,1.0,1.0,2.0,0.7219280948873623,5.0,5.0,76.0,False,3.0,76.37314814814815,2.0,148.0,23.635465922965913,3.0,0.0,0.0
False,0.0,0.0,0.0,0.0,0.0,0.0,0.0,,0.0,0.0,0.0,0.0,0.0,0.0,0.0,0.0
False,0.0,0.0,0.0,0.0,0.0,0.0,0.0,,0.0,0.0,0.0,0.0,0.0,0.0,0.0,0.0
False,0.0,0.0,0.0,0.0,0.0,0.0,0.0,,0.0,0.0,0.0,0.0,0.0,0.0,0.0,0.0
False,1.0,1.0,1.0,0.0,1.0,1.0,122.0,True,3.0,0.00849537037037037,1.0,175.0,23.299322899322902,110.0,0.0,0.0
False,0.0,0.0,0.0,0.0,0.0,0.0,0.0,,0.0,0.0,0.0,0.0,0.0,0.0,0.0,0.0
False,1.0,1.0,1.0,0.0,7.0,1.0,116.0,False,3.0,71.01174768518518,1.0,174.0,22.299322899322902,109.0,0.0,0.0
False,1.0,4.0,4.0,2.0,32.0,0.0,320.0,False,4.0,71.64274594907408,2.0,173.0,21.299322899322902,108.0,0.0,0.0
False,0.0,0.0,0.0,0.0,0.0,0.0,0.0,False,0.0,0.0,0.0,0.0,0.0,0.0,0.0,0.0
False,1.0,1.0,1.0,0.0,1.0,1.0,351.0,False,4.0,0.00015046296296296297,1.0,147.0,23.04829059829059,71.0,0.0,0.0
False,1.0,1.0,1.0,0.0,1.0,1.0,351.0,False,4.0,0.09155092592592592,1.0,146.0,22.04829059829059,70.0,0.0,0.0
False,1.0,1.0,1.0,0.0,1.0,1.0,328.0,True,4.0,0.002361111111111111,1.0,172.0,20.72493894993896,107.0,0.0,0.0
False,2.0,2.0,2.0,0.8524051786494786,54.0,0.0,312.5,False,3.0,0.00849537037037037,2.0,171.0,19.72493894993896,60.0,0.0,0.0
False,1.0,2.0,2.0,0.2761954276479391,42.0,0.0,163.0,False,4.0,0.004693287037037037,1.0,170.0,18.72493894993896,105.0,0.0,0.0
False,1.0,2.0,2.0,0.8112781244591328,12.0,20.0,310.5,False,3.0,0.0017592592592592592,1.0,169.0,17.72493894993896,104.0,0.0,0.0
False,2.0,3.0,3.0,1.352199627420641,50.0,4.0,249.0,False,3.0,71.58506558641976,3.0,168.0,16.72493894993896,58.0,0.0,0.0
False,1.0,4.0,16.0,3.509220574888337,15890.0,0.0,20.0,False,4.0,4.135010127314815,1.0,167.0,15.724938949938958,102.0,0.0,0.0
False,0.0,0.0,0.0,0.0,0.0,0.0,0.0,False,0.0,0.0,0.0,0.0,0.0,0.0,0.0,0.0
False,1.0,1.0,1.0,0.0,1.0,1.0,351.0,False,4.0,6.944444444444444e-05,1.0,145.0,21.100671550671542,69.0,0.0,0.0
False,1.0,1.0,1.0,0.0,0.0,1.0,352.0,False,4.0,0.0024074074074074076,1.0,144.0,20.100671550671542,68.0,0.0,0.0
False,1.0,1.0,1.0,0.0,12.0,6.0,346.0,True,4.0,0.013888888888888888,1.0,143.0,19.100671550671542,67.0,0.0,0.0
False,1.0,1.0,1.0,0.0,27.0,8.0,327.0,True,4.0,0.09487268518518518,1.0,142.0,18.100671550671542,66.0,0.0,0.0
False,1.0,1.0,1.0,0.0,15.0,8.0,320.0,False,3.0,0.5932291666666667,1.0,166.0,14.87034632034632,101.0,0.0,0.0
False,0.0,0.0,0.0,0.0,0.0,0.0,0.0,,0.0,0.0,0.0,0.0,0.0,0.0,0.0,0.0
False,3.0,13.0,17.0,3.974264803058332,42.0,25.0,216.2941176470588,False,4.0,84.94503336056646,10.0,141.0,17.218223443223437,54.0,0.0,0.0
False,0.0,0.0,0.0,0.0,0.0,0.0,0.0,,0.0,0.0,0.0,0.0,0.0,0.0,0.0,0.0
False,0.0,0.0,0.0,0.0,0.0,0.0,0.0,False,0.0,0.0,0.0,0.0,0.0,0.0,0.0,0.0
False,1.0,1.0,1.0,0.0,0.0,6.0,193.0,True,2.0,0.0140625,1.0,140.0,16.222985347985343,58.0,0.0,0.0
False,1.0,1.0,1.0,0.0,1.0,1.0,470.0,False,4.0,0.005347222222222222,1.0,139.0,15.222985347985341,1.0,0.0,0.0
False,1.0,1.0,1.0,0.0,5.0,3.0,351.0,True,3.0,79.20372685185185,1.0,138.0,14.232509157509151,37.0,0.0,0.0
False,1.0,1.0,1.0,0.0,1.0,1.0,470.0,True,3.0,93.01013888888889,1.0,137.0,13.232509157509151,0.0,0.0,0.0
False,1.0,1.0,2.0,1.0,2.0,2.0,95.5,False,2.0,0.27297453703703706,1.0,136.0,12.232509157509151,2.0,0.0,0.0
False,1.0,1.0,1.0,0.0,8.0,0.0,185.0,True,2.0,97.36949074074074,1.0,135.0,11.232509157509151,57.0,0.0,0.0
False,1.0,1.0,1.0,0.0,8.0,1.0,312.0,True,3.0,97.17709490740741,1.0,134.0,10.26108058608058,64.0,0.0,0.0
False,0.0,0.0,0.0,0.0,0.0,0.0,0.0,False,0.0,0.0,0.0,0.0,0.0,0.0,0.0,0.0
False,0.0,0.0,0.0,0.0,0.0,0.0,0.0,False,0.0,0.0,0.0,0.0,0.0,0.0,0.0,0.0
False,0.0,0.0,0.0,0.0,0.0,0.0,0.0,,0.0,0.0,0.0,0.0,0.0,0.0,0.0,0.0
False,1.0,1.0,2.0,1.0,2.0,2.0,95.5,False,2.0,0.0018287037037037037,1.0,165.0,13.96430236430237,31.0,0.0,0.0
False,1.0,1.0,2.0,1.0,2.0,2.0,95.5,False,2.0,45.51033564814814,2.0,164.0,12.96430236430237,30.0,0.0,0.0
False,0.0,0.0,0.0,0.0,0.0,0.0,0.0,,0.0,0.0,0.0,0.0,0.0,0.0,0.0,0.0
False,1.0,1.0,1.0,0.0,2.0,0.0,188.0,False,2.0,47.041689814814816,1.0,163.0,17.194877344877302,29.0,0.0,0.0
False,1.0,1.0,1.0,0.0,2.0,2.0,30.0,False,3.0,0.011087962962962963,1.0,132.0,19.96626984126981,4.0,0.0,0.0
False,1.0,1.0,1.0,0.0,2.0,2.0,30.0,False,3.0,0.018136574074074076,1.0,133.0,19.96626984126981,5.0,0.0,0.0
False,1.0,1.0,1.0,0.0,2.0,2.0,30.0,False,3.0,0.009189814814814816,1.0,131.0,18.96626984126981,3.0,0.0,0.0
False,1.0,1.0,1.0,0.0,1.0,1.0,30.0,True,3.0,0.0021412037037037038,1.0,129.0,16.96626984126981,1.0,0.0,0.0
False,1.0,1.0,1.0,0.0,2.0,2.0,30.0,False,3.0,60.130011574074075,1.0,130.0,15.96626984126981,2.0,0.0,0.0
False,1.0,1.0,1.0,0.0,1.0,1.0,30.0,False,2.0,60.130011574074075,1.0,128.0,15.96626984126981,0.0,0.0,0.0
False,0.0,0.0,0.0,0.0,0.0,0.0,0.0,,0.0,0.0,0.0,0.0,0.0,0.0,0.0,0.0
False,0.0,0.0,0.0,0.0,0.0,0.0,0.0,,0.0,0.0,0.0,0.0,0.0,0.0,0.0,0.0
False,1.0,2.0,2.0,0.9709505944546686,4.0,1.0,326.0,True,3.0,14.315538194444445,2.0,268.0,50.66904761904777,231.0,0.0,0.0
False,1.0,3.0,3.0,0.8791739269561951,29.0,14.0,172.33333333333334,False,3.0,23.86423611111111,3.0,267.0,49.66904761904777,230.0,0.0,0.0
False,1.0,2.0,2.0,0.6292492238560345,15.0,4.0,282.0,False,4.0,10.184230324074075,2.0,162.0,34.992857142857076,100.0,0.0,0.0
False,0.0,0.0,0.0,0.0,0.0,0.0,0.0,False,0.0,0.0,0.0,0.0,0.0,0.0,0.0,0.0
False,1.0,1.0,2.0,1.0,2.0,2.0,94.5,False,2.0,14.180891203703704,1.0,161.0,33.992857142857076,28.0,0.0,0.0
False,0.0,0.0,0.0,0.0,0.0,0.0,0.0,,0.0,0.0,0.0,0.0,0.0,0.0,0.0,0.0
False,1.0,1.0,1.0,0.0,1.0,0.0,346.0,True,3.0,14.981319444444445,1.0,160.0,33.04047619047613,99.0,0.0,0.0
False,0.0,0.0,0.0,0.0,0.0,0.0,0.0,,0.0,0.0,0.0,0.0,0.0,0.0,0.0,0.0
False,1.0,1.0,1.0,0.0,1.0,1.0,55.0,False,3.0,30.69175925925926,1.0,123.0,20.13095238095236,1.0,0.0,0.0
False,1.0,1.0,1.0,0.0,2.0,0.0,187.0,True,2.0,14.849166666666667,1.0,159.0,33.685714285714226,98.0,0.0,0.0
False,0.0,0.0,0.0,0.0,0.0,0.0,0.0,,0.0,0.0,0.0,0.0,0.0,0.0,0.0,0.0
False,0.0,0.0,0.0,0.0,0.0,0.0,0.0,,0.0,0.0,0.0,0.0,0.0,0.0,0.0,0.0
False,0.0,0.0,0.0,0.0,0.0,0.0,0.0,False,0.0,0.0,0.0,0.0,0.0,0.0,0.0,0.0
False,0.0,0.0,0.0,0.0,0.0,0.0,0.0,,0.0,0.0,0.0,0.0,0.0,0.0,0.0,0.0
False,0.0,0.0,0.0,0.0,0.0,0.0,0.0,,0.0,0.0,0.0,0.0,0.0,0.0,0.0,0.0
False,0.0,0.0,0.0,0.0,0.0,0.0,0.0,False,0.0,0.0,0.0,0.0,0.0,0.0,0.0,0.0
False,1.0,1.0,1.0,0.0,1.0,0.0,242.0,True,2.0,1.0179166666666666,1.0,158.0,54.56666666666662,97.0,0.0,0.0
False,1.0,2.0,3.0,0.993897263936423,19.0,3.0,308.6666666666667,True,4.0,7.545547839506171,3.0,127.0,30.18333333333329,63.0,0.0,0.0
False,2.0,3.0,3.0,1.305803563478725,18.0,9.0,200.0,True,4.0,23.779714506172837,3.0,126.0,29.349999999999955,59.0,0.0,0.0
False,0.0,0.0,0.0,0.0,0.0,0.0,0.0,,0.0,0.0,0.0,0.0,0.0,0.0,0.0,0.0
False,1.0,3.0,3.0,1.584962500721156,3.0,3.0,320.0,True,4.0,1.9982638888888886,2.0,266.0,87.71666666666675,229.0,0.0,0.0
False,0.0,0.0,0.0,0.0,0.0,0.0,0.0,,0.0,0.0,0.0,0.0,0.0,0.0,0.0,0.0
False,1.0,2.0,2.0,0.7219280948873623,5.0,5.0,320.0,True,4.0,1.5081712962962963,2.0,265.0,86.71666666666675,228.0,0.0,0.0
False,1.0,1.0,1.0,0.0,1.0,0.0,241.0,True,2.0,0.03408564814814815,1.0,264.0,85.8000000000001,227.0,0.0,0.0
False,2.0,2.0,2.0,0.7131467486384921,13.0,33.0,97.5,True,3.0,12.305185185185184,2.0,263.0,85.33333333333343,122.0,0.0,0.0
False,1.0,1.0,1.0,0.0,1.0,0.0,257.0,False,3.0,4.734155092592593,1.0,262.0,84.5500000000001,225.0,0.0,0.0
False,1.0,2.0,2.0,0.9182958340544896,3.0,3.0,269.0,False,4.0,9.972447916666667,2.0,261.0,83.88333333333343,224.0,0.0,0.0
False,1.0,1.0,1.0,0.0,6.0,0.0,235.0,False,2.0,3.8735300925925924,1.0,260.0,82.88333333333343,223.0,0.0,0.0
False,0.0,0.0,0.0,0.0,0.0,0.0,0.0,,0.0,0.0,0.0,0.0,0.0,0.0,0.0,0.0
False,1.0,1.0,1.0,0.0,35.0,35.0,320.0,False,3.0,0.29866898148148147,1.0,259.0,82.18333333333342,222.0,0.0,0.0
False,0.0,0.0,0.0,0.0,0.0,0.0,0.0,,0.0,0.0,0.0,0.0,0.0,0.0,0.0,0.0
False,1.0,5.0,5.0,2.2359263506290326,0.0,7.0,321.4,False,4.0,0.16398379629629628,2.0,258.0,82.13333333333344,221.0,0.0,0.0
False,1.0,4.0,4.0,2.0,64.0,4.0,306.5,False,4.0,0.6852430555555555,2.0,157.0,56.683333333333294,96.0,0.0,0.0
False,0.0,0.0,0.0,0.0,0.0,0.0,0.0,,0.0,0.0,0.0,0.0,0.0,0.0,0.0,0.0
False,0.0,0.0,0.0,0.0,0.0,0.0,0.0,,0.0,0.0,0.0,0.0,0.0,0.0,0.0,0.0
False,0.0,0.0,0.0,0.0,0.0,0.0,0.0,,0.0,0.0,0.0,0.0,0.0,0.0,0.0,0.0
False,1.0,3.0,3.0,1.584962500721156,3.0,3.0,311.6666666666667,True,4.0,0.001712962962962963,1.0,257.0,83.85000000000014,220.0,0.0,0.0
False,1.0,5.0,5.0,2.180957332409844,11.0,10.0,309.2,True,4.0,0.2669699074074074,5.0,256.0,82.85000000000014,219.0,0.0,0.0
False,0.0,0.0,0.0,0.0,0.0,0.0,0.0,,0.0,0.0,0.0,0.0,0.0,0.0,0.0,0.0
False,0.0,0.0,0.0,0.0,0.0,0.0,0.0,,0.0,0.0,0.0,0.0,0.0,0.0,0.0,0.0
False,1.0,1.0,1.0,0.0,32.0,0.0,252.0,True,4.0,1.1140856481481483,1.0,156.0,58.76666666666663,95.0,0.0,0.0
False,1.0,2.0,2.0,0.4689955935892812,16.0,4.0,254.0,True,4.0,3.9160821759259257,2.0,155.0,57.81666666666663,94.0,0.0,0.0
False,1.0,1.0,1.0,0.0,20.0,26.0,326.0,True,4.0,0.12193287037037037,1.0,154.0,57.066666666666634,93.0,0.0,0.0
False,1.0,1.0,1.0,0.0,30.0,30.0,306.0,True,3.0,0.0009722222222222222,1.0,153.0,56.066666666666634,92.0,0.0,0.0
False,1.0,1.0,1.0,0.0,12.0,13.0,307.0,True,3.0,0.11993055555555555,1.0,152.0,55.066666666666634,91.0,0.0,0.0
False,1.0,1.0,1.0,0.0,8.0,9.0,307.0,True,4.0,0.11913194444444444,1.0,151.0,54.066666666666634,90.0,0.0,0.0
False,1.0,1.0,1.0,0.0,13.0,13.0,307.0,True,4.0,0.10925925925925926,1.0,150.0,53.066666666666634,89.0,0.0,0.0
False,1.0,1.0,2.0,1.0,2.0,2.0,94.5,False,2.0,6.762152777777778,1.0,149.0,52.2333333333333,27.0,0.0,0.0
False,0.0,0.0,0.0,0.0,0.0,0.0,0.0,,0.0,0.0,0.0,0.0,0.0,0.0,0.0,0.0
False,0.0,0.0,0.0,0.0,0.0,0.0,0.0,,0.0,0.0,0.0,0.0,0.0,0.0,0.0,0.0
False,0.0,0.0,0.0,0.0,0.0,0.0,0.0,,0.0,0.0,0.0,0.0,0.0,0.0,0.0,0.0
False,0.0,0.0,0.0,0.0,0.0,0.0,0.0,,0.0,0.0,0.0,0.0,0.0,0.0,0.0,0.0
False,1.0,5.0,5.0,2.204140102007486,46.0,46.0,310.8,False,4.0,5.544641203703703,4.0,255.0,89.16666666666683,218.0,0.0,0.0
False,1.0,1.0,2.0,0.9798687566511527,21.0,3.0,209.0,False,3.0,5.1258738425925925,2.0,254.0,88.71666666666682,217.0,0.0,0.0
False,1.0,1.0,1.0,0.0,1.0,1.0,326.0,False,4.0,0.029583333333333333,1.0,253.0,87.71666666666682,216.0,0.0,0.0
False,1.0,1.0,1.0,0.0,1.0,1.0,346.0,False,3.0,0.2289699074074074,1.0,252.0,86.85000000000016,215.0,0.0,0.0
False,1.0,1.0,1.0,0.0,7.0,4.0,168.0,False,2.0,15.244965277777778,1.0,251.0,85.85000000000016,214.0,0.0,0.0
False,1.0,1.0,1.0,0.0,1.0,1.0,326.0,False,4.0,0.012893518518518518,1.0,250.0,84.85000000000016,213.0,0.0,0.0
False,1.0,3.0,4.0,0.6124213366475562,54.0,53.0,228.75,False,3.0,8.356718749999999,3.0,249.0,83.85000000000016,212.0,0.0,0.0
False,1.0,1.0,1.0,0.0,1.0,1.0,326.0,False,4.0,0.21123842592592593,1.0,248.0,82.85000000000016,211.0,0.0,0.0
False,1.0,1.0,1.0,0.0,11.0,0.0,212.0,False,1.0,14.094652777777778,1.0,247.0,82.35000000000016,210.0,0.0,0.0
False,1.0,2.0,2.0,1.0,4.0,6.0,166.5,False,2.0,9.003900462962964,1.0,246.0,81.35000000000016,209.0,0.0,0.0
False,0.0,0.0,0.0,0.0,0.0,0.0,0.0,,0.0,0.0,0.0,0.0,0.0,0.0,0.0,0.0
False,1.0,1.0,1.0,0.0,2.0,28.0,119.0,False,3.0,13.943078703703703,1.0,245.0,83.83333333333348,17.0,0.0,0.0
False,1.0,1.0,1.0,0.0,29.0,23.0,201.0,False,3.0,0.007905092592592592,1.0,244.0,82.83333333333348,208.0,0.0,0.0
False,1.0,2.0,2.0,0.7219280948873623,9.0,1.0,400.5,False,4.0,7.361099537037037,2.0,243.0,81.83333333333348,207.0,0.0,0.0
False,0.0,0.0,0.0,0.0,0.0,0.0,0.0,,0.0,0.0,0.0,0.0,0.0,0.0,0.0,0.0
False,0.0,0.0,0.0,0.0,0.0,0.0,0.0,,0.0,0.0,0.0,0.0,0.0,0.0,0.0,0.0
False,0.0,0.0,0.0,0.0,0.0,0.0,0.0,,0.0,0.0,0.0,0.0,0.0,0.0,0.0,0.0
False,0.0,0.0,0.0,0.0,0.0,0.0,0.0,,0.0,0.0,0.0,0.0,0.0,0.0,0.0,0.0
False,0.0,0.0,0.0,0.0,0.0,0.0,0.0,,0.0,0.0,0.0,0.0,0.0,0.0,0.0,0.0
False,2.0,2.0,2.0,0.6500224216483541,6.0,6.0,193.5,True,4.0,27.57806712962963,2.0,148.0,54.71666666666661,21.0,0.0,0.0
False,1.0,3.0,4.0,1.5165437790863812,37.0,23.0,212.5,False,4.0,12.901791087962962,4.0,242.0,80.88333333333348,206.0,0.0,0.0
False,1.0,2.0,3.0,0.31290220724415746,369.0,0.0,102.33333333333333,False,4.0,1.9815007716049384,1.0,241.0,79.88333333333348,205.0,0.0,0.0
False,1.0,1.0,1.0,0.0,2.0,2.0,82.0,True,2.0,0.009780092592592592,1.0,147.0,53.88333333333328,12.0,0.0,0.0
False,1.0,1.0,1.0,0.0,6.0,3.0,79.0,True,2.0,13.913819444444444,1.0,146.0,53.049999999999955,11.0,0.0,0.0
False,1.0,4.0,4.0,0.9239407338062624,43.0,4.0,216.5,False,4.0,16.440257523148148,4.0,145.0,52.049999999999955,88.0,0.0,0.0
False,1.0,1.0,1.0,0.0,3.0,2.0,112.0,False,2.0,18.29517361111111,1.0,144.0,51.049999999999955,87.0,0.0,0.0
False,2.0,4.0,4.0,1.2067176304835758,44.0,0.0,473.5,False,4.0,7.575225694444445,3.0,143.0,50.049999999999955,57.0,0.0,0.0
False,2.0,3.0,4.0,1.9172657147599252,32.0,11.0,318.75,False,4.0,8.259701967592592,3.0,142.0,49.049999999999955,56.0,0.0,0.0
False,1.0,1.0,1.0,0.0,5.0,0.0,162.0,False,3.0,13.129074074074074,1.0,141.0,48.049999999999955,10.0,0.0,0.0
False,1.0,5.0,5.0,1.9003716210613106,37.0,2.0,210.6,False,4.0,6.3071111111111104,3.0,140.0,47.049999999999955,84.0,0.0,0.0
False,1.0,3.0,5.0,2.220263425709488,24.0,4.0,162.8,False,3.0,12.138837962962963,3.0,139.0,46.049999999999955,83.0,0.0,0.0
False,1.0,3.0,3.0,1.103307408607834,40.0,5.0,99.33333333333333,False,2.0,23.55144675925926,2.0,138.0,45.049999999999955,82.0,0.0,0.0
False,1.0,2.0,2.0,0.5032583347756457,9.0,9.0,275.0,False,4.0,17.436782407407406,2.0,137.0,44.049999999999955,81.0,0.0,0.0
False,0.0,0.0,0.0,0.0,0.0,0.0,0.0,,0.0,0.0,0.0,0.0,0.0,0.0,0.0,0.0
False,0.0,0.0,0.0,0.0,0.0,0.0,0.0,,0.0,0.0,0.0,0.0,0.0,0.0,0.0,0.0
False,0.0,0.0,0.0,0.0,0.0,0.0,0.0,False,0.0,0.0,0.0,0.0,0.0,0.0,0.0,0.0
False,1.0,2.0,2.0,1.0,2.0,2.0,307.0,True,4.0,0.26666666666666666,1.0,136.0,53.33333333333331,80.0,0.0,0.0
False,1.0,1.0,2.0,1.0,2.0,2.0,94.5,False,2.0,6.271678240740741,1.0,135.0,52.33333333333331,26.0,0.0,0.0
False,0.0,0.0,0.0,0.0,0.0,0.0,0.0,,0.0,0.0,0.0,0.0,0.0,0.0,0.0,0.0
False,1.0,3.0,13.0,3.3594733033298496,6415.0,4.0,25.46153846153846,False,4.0,1.4136867877492878,2.0,240.0,100.33333333333334,204.0,0.0,0.0
False,1.0,1.0,1.0,0.0,3.0,1.0,246.0,False,2.0,9.014409722222222,1.0,239.0,99.41666666666669,203.0,0.0,0.0
False,1.0,8.0,8.0,2.91367908884452,41.0,17.0,288.875,False,5.0,13.967560763888887,7.0,238.0,98.41666666666669,202.0,0.0,0.0
False,0.0,0.0,0.0,0.0,0.0,0.0,0.0,,0.0,0.0,0.0,0.0,0.0,0.0,0.0,0.0
False,1.0,5.0,5.0,2.1092977358843172,89.0,1.0,289.2,False,4.0,0.013625000000000002,2.0,237.0,98.58333333333334,201.0,0.0,0.0
False,1.0,4.0,4.0,1.9874601819486435,4.0,30.0,290.5,True,4.0,0.019033564814814816,4.0,236.0,97.66666666666669,200.0,0.0,0.0
False,1.0,1.0,1.0,0.0,42.0,13.0,261.0,False,3.0,0.0146875,1.0,235.0,98.16666666666669,199.0,0.0,0.0
False,1.0,1.0,1.0,0.0,41.0,11.0,261.0,False,3.0,0.011990740740740741,1.0,234.0,97.16666666666669,198.0,0.0,0.0
False,1.0,1.0,1.0,0.0,40.0,36.0,285.0,False,4.0,0.009560185185185185,1.0,233.0,96.16666666666669,197.0,0.0,0.0
False,1.0,1.0,1.0,0.0,42.0,11.0,261.0,False,4.0,0.004108796296296296,1.0,232.0,96.66666666666669,196.0,0.0,0.0
False,1.0,5.0,5.0,2.060128811293192,147.0,157.0,277.8,False,4.0,2.8196296296296297,1.0,231.0,95.75000000000001,195.0,0.0,0.0
False,0.0,0.0,0.0,0.0,0.0,0.0,0.0,,0.0,0.0,0.0,0.0,0.0,0.0,0.0,0.0
False,1.0,1.0,1.0,0.0,3.0,1.0,382.0,False,3.0,0.07895833333333334,1.0,230.0,111.83333333333331,194.0,0.0,0.0
False,1.0,2.0,2.0,0.6024308020404453,16.0,18.0,301.5,False,3.0,6.004143518518518,2.0,134.0,68.0,79.0,0.0,0.0
False,1.0,1.0,1.0,0.0,2.0,2.0,336.0,False,4.0,0.8850925925925925,1.0,133.0,67.0,26.0,0.0,0.0
False,1.0,1.0,1.0,0.0,0.0,1.0,124.0,False,3.0,0.7156134259259259,1.0,121.0,48.91666666666663,55.0,0.0,0.0
False,0.0,0.0,0.0,0.0,0.0,0.0,0.0,False,0.0,0.0,0.0,0.0,0.0,0.0,0.0,0.0
False,1.0,1.0,1.0,0.0,3.0,2.0,450.0,False,4.0,0.0078009259259259256,1.0,120.0,48.8333333333333,58.0,0.0,0.0
False,1.0,1.0,1.0,0.0,0.0,1.0,152.0,False,3.0,0.0030324074074074073,1.0,119.0,47.8333333333333,36.0,0.0,0.0
False,1.0,1.0,1.0,0.0,0.0,6.0,158.0,True,3.0,3.1674421296296296,1.0,118.0,46.8333333333333,35.0,0.0,0.0
False,1.0,1.0,1.0,0.0,16.0,5.0,439.0,True,4.0,3.164375,1.0,117.0,45.8333333333333,57.0,0.0,0.0
False,1.0,1.0,1.0,0.0,0.0,2.0,126.0,True,3.0,3.162777777777778,1.0,116.0,44.8333333333333,54.0,0.0,0.0
False,0.0,0.0,0.0,0.0,0.0,0.0,0.0,,0.0,0.0,0.0,0.0,0.0,0.0,0.0,0.0
False,1.0,16.0,21.0,2.3808234474971135,0.0,15491.0,803.5714285714286,False,4.0,16.51195105820106,6.0,229.0,123.0,193.0,0.0,0.0
False,1.0,2.0,4.0,1.5666131231473532,32.0,15.0,114.25,False,3.0,4.819673032407407,3.0,228.0,122.0,192.0,0.0,0.0
False,4.0,7.0,8.0,2.5400603064119722,1.0,86.0,216.0,False,4.0,9.404539930555556,5.0,227.0,121.0,59.0,0.0,0.0
False,1.0,1.0,2.0,0.7990485210442682,18.0,15.0,127.5,False,1.0,21.390219907407406,1.0,226.0,123.75,190.0,0.0,0.0
False,1.0,2.0,6.0,1.1863137138648348,25.0,0.0,19.333333333333332,False,2.0,0.0008912037037037036,1.0,225.0,123.5,189.0,0.0,0.0
False,1.0,1.0,1.0,0.0,28.0,16.0,163.0,False,1.0,21.370011574074073,1.0,224.0,122.5,188.0,0.0,0.0
False,1.0,2.0,5.0,1.1219280948873622,20.0,0.0,20.0,False,2.0,3.775951388888889,1.0,223.0,121.5,187.0,0.0,0.0
False,2.0,2.0,2.0,0.9910760598382222,14.0,4.0,887.0,False,3.0,0.0497337962962963,1.0,115.0,50.16666666666663,45.0,0.0,0.0
False,2.0,3.0,4.0,1.5803598251982742,174.0,122.0,532.25,False,4.0,1.7808391203703706,3.0,114.0,50.16666666666663,44.0,0.0,0.0
False,3.0,6.0,6.0,2.110637054889752,134.0,63.0,414.0,False,4.0,3.472528935185185,3.0,113.0,49.16666666666663,46.333333333333336,0.0,0.0
False,0.0,0.0,0.0,0.0,0.0,0.0,0.0,False,0.0,0.0,0.0,0.0,0.0,0.0,0.0,0.0
False,0.0,0.0,0.0,0.0,0.0,0.0,0.0,,0.0,0.0,0.0,0.0,0.0,0.0,0.0,0.0
False,3.0,5.0,5.0,1.2739181985410852,81.0,15.0,389.2,False,4.0,6.8218194444444435,4.0,112.0,48.16666666666663,45.333333333333336,0.0,0.0
False,1.0,1.0,2.0,1.0,2.0,2.0,94.5,False,2.0,6.841620370370371,1.0,132.0,78.0,25.0,0.0,0.0
False,1.0,1.0,1.0,0.0,5.0,5.0,319.0,True,4.0,0.006446759259259259,1.0,131.0,77.16666666666667,78.0,0.0,0.0
False,1.0,1.0,1.0,0.0,8.0,8.0,319.0,False,4.0,0.04262731481481481,1.0,130.0,76.16666666666667,77.0,0.0,0.0
False,0.0,0.0,0.0,0.0,0.0,0.0,0.0,,0.0,0.0,0.0,0.0,0.0,0.0,0.0,0.0
False,1.0,2.0,2.0,0.9182958340544896,3.0,0.0,267.0,False,4.0,3.8432581018518515,2.0,222.0,134.99999999999994,186.0,0.0,0.0
False,1.0,1.0,1.0,0.0,3.0,3.0,270.0,False,2.0,0.007893518518518518,1.0,129.0,76.16666666666667,76.0,0.0,0.0
False,2.0,2.0,3.0,0.7588341991423865,53.0,3.0,305.0,False,2.0,18.148807870370373,2.0,128.0,75.66666666666667,50.0,0.0,0.0
False,1.0,2.0,2.0,0.6962122601251458,16.0,16.0,291.5,True,4.0,0.9637152777777778,2.0,221.0,135.49999999999994,185.0,0.0,0.0
False,1.0,1.0,1.0,0.0,7.0,7.0,318.0,True,4.0,0.0038078703703703703,1.0,220.0,134.49999999999994,184.0,0.0,0.0
False,1.0,1.0,1.0,0.0,2.0,2.0,318.0,True,4.0,0.9530902777777778,1.0,219.0,133.49999999999994,183.0,0.0,0.0
False,1.0,1.0,1.0,0.0,2.0,0.0,14.0,False,2.0,14.034826388888888,1.0,125.0,50.16666666666663,61.0,0.0,0.0
False,1.0,1.0,1.0,0.0,1.0,1.0,201.0,False,3.0,0.09898148148148148,1.0,124.0,51.33333333333331,60.0,0.0,0.0
False,1.0,1.0,1.0,0.0,21.0,8.0,356.0,False,4.0,5.882905092592592,1.0,122.0,50.33333333333331,59.0,0.0,0.0
False,0.0,0.0,0.0,0.0,0.0,0.0,0.0,,0.0,0.0,0.0,0.0,0.0,0.0,0.0,0.0
False,0.0,0.0,0.0,0.0,0.0,0.0,0.0,,0.0,0.0,0.0,0.0,0.0,0.0,0.0,0.0
False,2.0,3.0,4.0,1.7080986635018058,43.0,1.0,242.5,False,4.0,12.270147569444443,4.0,127.0,83.33333333333334,49.0,0.0,0.0
False,1.0,1.0,1.0,0.0,0.0,2.0,119.0,True,4.0,0.02011574074074074,1.0,218.0,135.66666666666666,15.0,0.0,0.0
False,1.0,1.0,1.0,0.0,16.0,8.0,111.0,False,4.0,0.935324074074074,1.0,217.0,134.83333333333331,14.0,0.0,0.0
False,1.0,1.0,3.0,1.5079816531097694,32.0,5.0,159.66666666666666,False,4.0,0.012704475308641975,2.0,216.0,133.83333333333331,182.0,0.0,0.0
False,1.0,2.0,2.0,0.41381685030363374,72.0,0.0,97.5,False,3.0,6.971325231481481,1.0,215.0,132.83333333333331,181.0,0.0,0.0
False,1.0,1.0,2.0,0.5435644431995964,8.0,0.0,185.0,False,4.0,0.9226446759259259,2.0,214.0,131.83333333333331,180.0,0.0,0.0
False,1.0,1.0,1.0,0.0,101.0,0.0,0.0,False,0.0,0.0,0.0,213.0,130.83333333333331,179.0,0.0,0.0
False,1.0,2.0,3.0,0.31535914085875705,336.0,0.0,105.33333333333333,False,4.0,0.28612654320987657,1.0,212.0,129.83333333333331,178.0,0.0,0.0
False,0.0,0.0,0.0,0.0,0.0,0.0,0.0,,0.0,0.0,0.0,0.0,0.0,0.0,0.0,0.0
False,1.0,1.0,1.0,0.0,5.0,0.0,157.0,False,3.0,0.10465277777777778,1.0,126.0,84.66666666666666,9.0,0.0,0.0
False,1.0,1.0,1.0,0.0,2.0,2.0,255.0,False,3.0,0.016585648148148148,1.0,125.0,83.66666666666666,73.0,0.0,0.0
False,0.0,0.0,0.0,0.0,0.0,0.0,0.0,,0.0,0.0,0.0,0.0,0.0,0.0,0.0,0.0
False,1.0,4.0,4.0,1.6667011463215775,35.0,1.0,222.25,False,4.0,0.5363570601851851,3.0,124.0,82.66666666666666,72.0,0.0,0.0
False,1.0,2.0,3.0,1.3787834934861756,22.0,6.0,153.66666666666666,False,3.0,5.512866512345679,3.0,123.0,81.66666666666666,71.0,0.0,0.0
False,1.0,1.0,1.0,0.0,29.0,4.0,100.0,False,2.0,0.003761574074074074,1.0,122.0,80.66666666666666,70.0,0.0,0.0
False,1.0,2.0,2.0,0.9544340029249649,8.0,8.0,174.5,False,3.0,7.879450231481481,2.0,121.0,79.66666666666666,69.0,0.0,0.0
False,1.0,2.0,2.0,0.37123232664087563,9.0,19.0,207.5,False,4.0,8.294155092592593,2.0,120.0,78.66666666666666,68.0,0.0,0.0
False,0.0,0.0,0.0,0.0,0.0,0.0,0.0,,0.0,0.0,0.0,0.0,0.0,0.0,0.0,0.0
False,0.0,0.0,0.0,0.0,0.0,0.0,0.0,,0.0,0.0,0.0,0.0,0.0,0.0,0.0,0.0
False,1.0,1.0,1.0,0.0,2.0,0.0,210.0,False,1.0,0.02974537037037037,1.0,211.0,139.66666666666669,177.0,0.0,0.0
False,2.0,2.0,3.0,1.007240372254375,25.0,13.0,113.33333333333333,False,3.0,0.02576388888888889,3.0,210.0,138.66666666666669,100.0,0.0,0.0
False,1.0,1.0,1.0,0.0,2.0,0.0,57.0,False,4.0,0.030833333333333334,1.0,119.0,77.66666666666666,8.0,0.0,0.0
False,1.0,1.0,2.0,0.9940302114769565,96.0,80.0,171.5,False,4.0,0.00625,1.0,209.0,138.33333333333334,175.0,0.0,0.0
False,1.0,1.0,1.0,0.0,3.0,1.0,383.0,False,3.0,0.04005787037037037,1.0,118.0,76.66666666666666,67.0,0.0,0.0
False,1.0,1.0,1.0,0.0,2.0,1.0,304.0,False,4.0,0.03543981481481481,1.0,117.0,75.66666666666666,66.0,0.0,0.0
False,0.0,0.0,0.0,0.0,0.0,0.0,0.0,,0.0,0.0,0.0,0.0,0.0,0.0,0.0,0.0
False,1.0,1.0,1.0,0.0,6.0,0.0,337.0,False,4.0,0.010243055555555556,1.0,208.0,137.33333333333334,174.0,0.0,0.0
False,0.0,0.0,0.0,0.0,0.0,0.0,0.0,,0.0,0.0,0.0,0.0,0.0,0.0,0.0,0.0
False,1.0,1.0,1.0,0.0,15.0,6.0,201.0,False,1.0,0.013703703703703704,1.0,207.0,136.33333333333334,173.0,0.0,0.0
False,1.0,1.0,1.0,0.0,57.0,5.0,57.0,False,4.0,1.9860185185185186,1.0,206.0,135.33333333333334,13.0,0.0,0.0
False,1.0,1.0,2.0,0.9640787648082292,29.0,7.0,240.5,False,4.0,8.226099537037037,2.0,205.0,134.33333333333334,172.0,0.0,0.0
False,1.0,12.0,21.0,4.39231742277876,21.0,21.0,66.71428571428571,False,4.0,10.908711970899471,12.0,116.0,75.66666666666666,7.0,0.0,0.0
False,2.0,3.0,4.0,1.7200455160177657,69.0,1.0,147.25,False,4.0,3.450598958333333,3.0,204.0,133.33333333333334,97.0,0.0,0.0
False,1.0,1.0,1.0,0.0,5.0,0.0,152.0,False,3.0,0.9612037037037037,1.0,115.0,75.66666666666666,6.0,0.0,0.0
False,1.0,4.0,5.0,2.104299032531084,41.0,3.0,215.0,False,4.0,2.398710648148148,4.0,114.0,74.66666666666666,65.0,0.0,0.0
False,1.0,2.0,2.0,0.06345811641554695,96.0,38.0,315.0,False,4.0,7.402824074074074,2.0,113.0,73.66666666666666,64.0,0.0,0.0
False,1.0,4.0,4.0,2.0,0.0,8.0,273.0,False,4.0,0.0038773148148148148,1.0,104.0,50.66666666666667,50.0,0.0,0.0
False,1.0,1.0,2.0,0.37123232664087563,72.0,12.0,149.0,False,3.0,9.191996527777777,2.0,203.0,133.33333333333334,170.0,0.0,0.0
False,1.0,5.0,5.0,2.321928094887362,10.0,10.0,279.2,True,3.0,0.9408055555555557,2.0,103.0,49.66666666666667,49.0,0.0,0.0
False,1.0,1.0,1.0,0.0,189.0,0.0,0.0,False,0.0,0.0,0.0,202.0,133.33333333333334,169.0,0.0,0.0
False,1.0,4.0,6.0,1.7311979601640852,312.0,0.0,27.166666666666668,False,1.0,2.7366300154320986,1.0,201.0,132.33333333333334,168.0,0.0,0.0
False,1.0,2.0,2.0,1.0,2.0,0.0,297.5,False,3.0,0.8633217592592592,1.0,200.0,131.33333333333334,167.0,0.0,0.0
False,1.0,1.0,1.0,0.0,1.0,1.0,304.0,False,3.0,0.8094791666666666,1.0,112.0,74.5,63.0,0.0,0.0
False,0.0,0.0,0.0,0.0,0.0,0.0,0.0,,0.0,0.0,0.0,0.0,0.0,0.0,0.0,0.0
False,0.0,0.0,0.0,0.0,0.0,0.0,0.0,,0.0,0.0,0.0,0.0,0.0,0.0,0.0,0.0
False,1.0,1.0,1.0,0.0,7.0,7.0,79.0,True,1.0,0.07702546296296296,1.0,199.0,131.33333333333334,12.0,0.0,0.0
False,1.0,1.0,1.0,0.0,21.0,11.0,185.0,True,1.0,0.07695601851851852,1.0,198.0,130.33333333333334,166.0,0.0,0.0
False,0.0,0.0,0.0,0.0,0.0,0.0,0.0,,0.0,0.0,0.0,0.0,0.0,0.0,0.0,0.0
False,1.0,1.0,1.0,0.0,6.0,1.0,545.0,True,2.0,0.09679398148148148,1.0,197.0,129.33333333333334,165.0,0.0,0.0
False,0.0,0.0,0.0,0.0,0.0,0.0,0.0,,0.0,0.0,0.0,0.0,0.0,0.0,0.0,0.0
False,1.0,1.0,1.0,0.0,4.0,0.0,135.0,False,1.0,0.24141203703703704,1.0,196.0,128.33333333333334,164.0,0.0,0.0
False,0.0,0.0,0.0,0.0,0.0,0.0,0.0,,0.0,0.0,0.0,0.0,0.0,0.0,0.0,0.0
False,0.0,0.0,0.0,0.0,0.0,0.0,0.0,,0.0,0.0,0.0,0.0,0.0,0.0,0.0,0.0
False,1.0,2.0,2.0,0.8812908992306927,20.0,0.0,246.5,False,1.0,0.13929976851851852,2.0,195.0,127.33333333333334,163.0,0.0,0.0
False,0.0,0.0,0.0,0.0,0.0,0.0,0.0,,0.0,0.0,0.0,0.0,0.0,0.0,0.0,0.0
False,1.0,1.0,1.0,0.0,1.0,0.0,73.0,True,4.0,12.86888888888889,1.0,111.0,73.5,62.0,0.0,0.0
False,1.0,1.0,1.0,0.0,1.0,0.0,73.0,True,3.0,12.865381944444444,1.0,194.0,126.33333333333334,162.0,0.0,0.0
False,2.0,2.0,2.0,0.9829840769503784,121.0,16.0,79.5,False,1.0,0.017471064814814814,1.0,193.0,125.66666666666667,86.0,0.0,0.0
False,1.0,2.0,2.0,1.0,2.0,4.0,381.5,False,4.0,0.048408564814814814,2.0,192.0,124.83333333333334,160.0,0.0,0.0
False,2.0,2.0,2.0,1.0,3.0,1.0,131.5,True,2.0,7.8604108796296295,2.0,191.0,123.83333333333334,81.0,0.0,0.0
False,1.0,1.0,1.0,0.0,1.0,5.0,250.0,False,2.0,0.09959490740740741,1.0,110.0,72.83333333333333,61.0,0.0,0.0
False,1.0,4.0,4.0,1.0219280948873624,18.0,2.0,236.5,False,4.0,0.12233506944444444,3.0,190.0,123.0,158.0,0.0,0.0
False,0.0,0.0,0.0,0.0,0.0,0.0,0.0,,0.0,0.0,0.0,0.0,0.0,0.0,0.0,0.0
False,0.0,0.0,0.0,0.0,0.0,0.0,0.0,,0.0,0.0,0.0,0.0,0.0,0.0,0.0,0.0
False,0.0,0.0,0.0,0.0,0.0,0.0,0.0,,0.0,0.0,0.0,0.0,0.0,0.0,0.0,0.0
False,0.0,0.0,0.0,0.0,0.0,0.0,0.0,,0.0,0.0,0.0,0.0,0.0,0.0,0.0,0.0
False,1.0,1.0,2.0,0.9587118829771318,20.0,1.0,161.0,False,1.0,0.5912673611111111,2.0,189.0,122.5,157.0,0.0,0.0
False,1.0,3.0,4.0,1.6980962908755897,129.0,1.0,222.75,False,4.0,0.2888599537037037,3.0,188.0,121.5,156.0,0.0,0.0
False,1.0,1.0,1.0,0.0,5.0,0.0,147.0,False,2.0,4.047592592592593,1.0,109.0,71.83333333333333,5.0,0.0,0.0
False,1.0,5.0,7.0,1.3591303062338094,1154.0,0.0,73.0,False,3.0,4.226602182539682,3.0,108.0,70.83333333333333,60.0,0.0,0.0
False,1.0,1.0,1.0,0.0,11.0,9.0,163.0,False,3.0,4.786435185185185,1.0,187.0,120.5,155.0,0.0,0.0
False,1.0,1.0,1.0,0.0,4.0,5.0,348.0,False,3.0,4.0079976851851855,1.0,107.0,69.83333333333333,59.0,0.0,0.0
False,1.0,1.0,1.0,0.0,1.0,0.0,118.0,True,2.0,0.06469907407407408,1.0,186.0,119.5,22.0,0.0,0.0
False,1.0,2.0,2.0,0.11327430349709672,62.0,4.0,236.0,False,3.0,7.748483796296297,2.0,106.0,68.83333333333333,58.0,0.0,0.0
False,2.0,3.0,3.0,1.5,8.0,8.0,235.33333333333334,False,4.0,0.01615740740740741,1.0,185.0,118.66666666666667,87.5,0.0,0.0
False,2.0,3.0,3.0,1.4935243332071164,66.0,21.0,220.33333333333334,False,4.0,1.6052932098765433,3.0,184.0,117.66666666666667,86.5,0.0,0.0
False,1.0,5.0,5.0,2.2516291673878226,28.0,20.0,267.8,False,3.0,3.6499467592592594,2.0,105.0,67.83333333333333,57.0,0.0,0.0
False,1.0,1.0,1.0,0.0,36.0,6.0,106.0,False,1.0,0.041631944444444444,1.0,183.0,116.83333333333334,152.0,0.0,0.0
False,1.0,2.0,3.0,0.8886865525783176,24.0,0.0,187.33333333333334,False,4.0,0.34949074074074077,2.0,182.0,115.83333333333334,151.0,0.0,0.0
False,1.0,1.0,1.0,0.0,1.0,33.0,54.0,False,1.0,14.80712962962963,1.0,104.0,67.16666666666666,56.0,0.0,0.0
False,1.0,1.0,1.0,0.0,2.0,2.0,163.0,True,3.0,4.726631944444445,1.0,103.0,66.16666666666666,55.0,0.0,0.0
False,1.0,1.0,1.0,0.0,4.0,0.0,193.0,False,1.0,15.412025462962964,1.0,181.0,115.0,150.0,0.0,0.0
False,2.0,3.0,3.0,1.2092299048006612,85.0,23.0,143.66666666666666,False,4.0,12.585555555555556,3.0,180.0,114.16666666666667,84.0,0.0,0.0
False,1.0,2.0,2.0,1.0,14.0,0.0,285.0,False,3.0,0.7781134259259259,1.0,179.0,113.16666666666667,148.0,0.0,0.0
False,1.0,1.0,2.0,0.9958138476706887,106.0,91.0,186.5,False,1.0,0.0005555555555555556,1.0,178.0,112.66666666666666,147.0,0.0,0.0
False,1.0,2.0,2.0,0.68233488590521,114.0,2.0,178.0,False,1.0,0.0033391203703703703,1.0,177.0,111.66666666666666,146.0,0.0,0.0
False,1.0,2.0,2.0,0.9097361225311662,191.0,9.0,154.5,False,1.0,0.3513310185185185,1.0,176.0,111.16666666666666,145.0,0.0,0.0
False,1.0,2.0,2.0,0.18312206830137276,64.0,8.0,155.5,False,3.0,8.160671296296297,2.0,175.0,110.16666666666666,144.0,0.0,0.0
False,1.0,1.0,2.0,0.7918583525674836,21.0,21.0,76.0,False,3.0,9.335300925925926,1.0,102.0,67.5,24.0,0.0,0.0
False,1.0,5.0,7.0,1.2278726775625033,750.0,1.0,71.71428571428571,False,1.0,0.009523809523809523,1.0,174.0,111.16666666666666,143.0,0.0,0.0
False,1.0,2.0,2.0,0.35335933502142136,203.0,7.0,153.0,False,1.0,0.005439814814814815,1.0,173.0,110.16666666666666,142.0,0.0,0.0
False,1.0,3.0,3.0,1.5766212201074912,48.0,4.0,277.3333333333333,False,3.0,0.9479591049382717,3.0,172.0,109.33333333333333,141.0,0.0,0.0
False,1.0,1.0,1.0,0.0,29.0,8.0,273.0,False,1.0,0.17230324074074074,1.0,171.0,108.33333333333333,140.0,0.0,0.0
False,1.0,1.0,1.0,0.0,1.0,1.0,271.0,True,3.0,2.8192476851851853,1.0,170.0,107.33333333333333,139.0,0.0,0.0
False,0.0,0.0,0.0,0.0,0.0,0.0,0.0,,0.0,0.0,0.0,0.0,0.0,0.0,0.0,0.0
False,2.0,2.0,2.0,0.9182958340544896,3.0,3.0,156.0,False,4.0,0.04134259259259259,1.0,102.0,58.0,24.5,0.0,0.0
False,1.0,1.0,1.0,0.0,9.0,15.0,213.0,False,4.0,0.03550925925925926,1.0,101.0,57.0,47.0,0.0,0.0
False,1.0,2.0,3.0,1.014097655573916,24.0,8.0,78.0,False,2.0,13.624135802469135,2.0,100.0,56.0,46.0,0.0,0.0
False,1.0,3.0,10.0,2.6285170661564354,90.0,135.0,177.8,False,3.0,0.6050428240740742,4.0,169.0,109.33333333333333,138.0,0.0,0.0
False,3.0,5.0,6.0,0.939976807112913,67.0,646.0,206.83333333333334,False,4.0,9.71665702160494,6.0,99.0,55.0,30.666666666666668,0.0,0.0
False,1.0,2.0,3.0,0.4039843512346435,274.0,7.0,92.66666666666667,False,4.0,0.011493055555555555,2.0,168.0,109.66666666666666,137.0,0.0,0.0
False,1.0,2.0,2.0,0.8935711016541907,29.0,0.0,348.5,False,4.0,4.814195601851852,2.0,167.0,108.83333333333333,136.0,0.0,0.0
False,1.0,2.0,3.0,1.5304930567574826,7.0,2.0,198.66666666666666,False,3.0,9.1890625,3.0,166.0,107.83333333333333,135.0,0.0,0.0
False,1.0,1.0,2.0,0.8366407419411673,90.0,0.0,0.0,False,0.0,0.0,0.0,165.0,107.33333333333333,134.0,0.0,0.0
False,0.0,0.0,0.0,0.0,0.0,0.0,0.0,,0.0,0.0,0.0,0.0,0.0,0.0,0.0,0.0
False,1.0,1.0,1.0,0.0,1.0,1.0,80.0,True,1.0,12.54875,1.0,101.0,69.5,23.0,0.0,0.0
False,0.0,0.0,0.0,0.0,0.0,0.0,0.0,,0.0,0.0,0.0,0.0,0.0,0.0,0.0,0.0
False,0.0,0.0,0.0,0.0,0.0,0.0,0.0,False,0.0,0.0,0.0,0.0,0.0,0.0,0.0,0.0
False,1.0,4.0,4.0,2.0,8.0,8.0,268.0,True,3.0,0.06159143518518519,2.0,100.0,70.0,54.0,0.0,0.0
False,0.0,0.0,0.0,0.0,0.0,0.0,0.0,False,0.0,0.0,0.0,0.0,0.0,0.0,0.0,0.0
False,1.0,4.0,4.0,2.0,4.0,4.0,267.0,True,3.0,0.030243055555555554,1.0,99.0,69.0,53.0,0.0,0.0
False,0.0,0.0,0.0,0.0,0.0,0.0,0.0,False,0.0,0.0,0.0,0.0,0.0,0.0,0.0,0.0
False,0.0,0.0,0.0,0.0,0.0,0.0,0.0,,0.0,0.0,0.0,0.0,0.0,0.0,0.0,0.0
False,1.0,4.0,4.0,2.0,4.0,4.0,267.0,True,3.0,0.0017824074074074075,1.0,98.0,68.5,52.0,0.0,0.0
False,1.0,4.0,4.0,1.7924812503605778,1.0,5.0,268.0,True,3.0,0.003136574074074074,1.0,97.0,67.5,51.0,0.0,0.0
False,1.0,5.0,5.0,2.040916994455078,73.0,22.0,258.4,False,3.0,0.7214583333333333,3.0,96.0,66.5,50.0,0.0,0.0
False,1.0,1.0,1.0,0.0,0.0,38.0,38.0,True,1.0,0.001736111111111111,1.0,111.0,62.0,51.0,0.0,0.0
False,2.0,2.0,2.0,0.5032583347756457,11.0,7.0,624.5,False,3.0,0.0008391203703703704,2.0,110.0,61.0,40.0,0.0,0.0
False,1.0,1.0,1.0,0.0,317.0,7.0,901.0,False,3.0,0.04886574074074074,1.0,109.0,60.0,29.0,0.0,0.0
False,1.0,1.0,2.0,0.5363596511250623,19.0,30.0,380.5,False,4.0,0.06321759259259259,1.0,108.0,59.0,52.0,0.0,0.0
False,1.0,2.0,3.0,0.699857857026928,41.0,3.0,66.0,False,4.0,0.04169753086419753,1.0,107.0,58.0,49.0,0.0,0.0
False,1.0,3.0,5.0,0.9045665782408685,1092.0,2.0,150.8,False,4.0,5.18079861111111,3.0,106.0,57.0,28.0,0.0,0.0
False,2.0,7.0,14.0,2.394536039879877,829.0,13.0,128.28571428571428,False,4.0,4.604654431216931,8.0,105.0,56.0,49.5,0.0,0.0
False,0.0,0.0,0.0,0.0,0.0,0.0,0.0,,0.0,0.0,0.0,0.0,0.0,0.0,0.0,0.0
False,0.0,0.0,0.0,0.0,0.0,0.0,0.0,True,0.0,0.0,0.0,0.0,0.0,0.0,0.0,0.0
False,1.0,1.0,2.0,1.0,2.0,2.0,94.5,False,2.0,1.9850115740740741,1.0,95.0,67.5,23.0,0.0,0.0
False,1.0,1.0,1.0,0.0,2.0,2.0,271.0,True,3.0,0.019560185185185184,1.0,94.0,66.5,49.0,0.0,0.0
False,1.0,1.0,1.0,0.0,1.0,1.0,271.0,True,3.0,0.12149305555555556,1.0,93.0,65.5,48.0,0.0,0.0
False,0.0,0.0,0.0,0.0,0.0,0.0,0.0,,0.0,0.0,0.0,0.0,0.0,0.0,0.0,0.0
False,0.0,0.0,0.0,0.0,0.0,0.0,0.0,,0.0,0.0,0.0,0.0,0.0,0.0,0.0,0.0
False,0.0,0.0,0.0,0.0,0.0,0.0,0.0,,0.0,0.0,0.0,0.0,0.0,0.0,0.0,0.0
False,0.0,0.0,0.0,0.0,0.0,0.0,0.0,,0.0,0.0,0.0,0.0,0.0,0.0,0.0,0.0
False,0.0,0.0,0.0,0.0,0.0,0.0,0.0,,0.0,0.0,0.0,0.0,0.0,0.0,0.0,0.0
False,0.0,0.0,0.0,0.0,0.0,0.0,0.0,,0.0,0.0,0.0,0.0,0.0,0.0,0.0,0.0
False,1.0,1.0,2.0,0.6500224216483541,6.0,0.0,181.5,False,2.0,7.853003472222222,2.0,158.0,106.5,128.0,0.0,0.0
False,1.0,1.0,1.0,0.0,4.0,2.0,346.0,True,2.0,0.031956018518518516,1.0,91.0,64.0,46.0,0.0,0.0
False,1.0,1.0,1.0,0.0,4.0,2.0,346.0,True,3.0,0.031956018518518516,1.0,92.0,64.0,47.0,0.0,0.0
False,1.0,1.0,1.0,0.0,7.0,3.0,113.0,True,1.0,0.03186342592592593,1.0,157.0,106.5,127.0,0.0,0.0
False,1.0,1.0,1.0,0.0,10.0,0.0,137.0,False,2.0,8.890138888888888,1.0,164.0,111.5,10.0,0.0,0.0
False,1.0,1.0,1.0,0.0,10.0,0.0,137.0,False,2.0,8.890138888888888,1.0,156.0,106.5,9.0,0.0,0.0
False,1.0,1.0,1.0,0.0,2.0,2.0,312.0,False,4.0,6.952430555555556,1.0,90.0,63.0,22.0,0.0,0.0
False,1.0,2.0,2.0,0.27138958750811115,42.0,1.0,173.0,False,3.0,0.002002314814814815,2.0,163.0,109.5,133.0,0.0,0.0
False,1.0,2.0,2.0,0.27138958750811115,42.0,1.0,173.0,False,2.0,0.0019965277777777776,1.0,155.0,105.5,126.0,0.0,0.0
False,1.0,4.0,4.0,1.8080903610769055,22.0,5.0,252.0,False,3.0,5.2389091435185176,4.0,154.0,104.5,125.0,0.0,0.0
False,1.0,4.0,4.0,1.8080903610769055,22.0,5.0,252.0,False,3.0,5.065601851851851,4.0,162.0,107.5,132.0,0.0,0.0
False,1.0,2.0,3.0,0.7975694087245402,63.0,20.0,268.6666666666667,False,3.0,6.409409722222223,3.0,161.0,106.0,131.0,0.0,0.0
False,1.0,2.0,3.0,0.7975694087245402,63.0,20.0,268.6666666666667,False,2.0,6.409409722222223,3.0,153.0,104.0,124.0,0.0,0.0
False,0.0,0.0,0.0,0.0,0.0,0.0,0.0,,0.0,0.0,0.0,0.0,0.0,0.0,0.0,0.0
False,1.0,2.0,3.0,1.0785278600930748,26.0,19.0,145.33333333333334,False,2.0,0.008537808641975309,2.0,150.0,102.5,121.0,0.0,0.0
False,1.0,2.0,2.0,0.3372900666170139,16.0,16.0,258.5,False,2.0,0.010092592592592592,1.0,152.0,103.5,123.0,0.0,0.0
False,1.0,2.0,2.0,0.3372900666170139,16.0,16.0,258.5,False,3.0,0.010092592592592592,1.0,160.0,104.5,130.0,0.0,0.0
False,2.0,2.0,3.0,1.3779630390761746,11.0,8.0,136.33333333333334,True,2.0,0.007472993827160494,2.0,149.0,101.5,64.0,0.0,0.0
False,1.0,3.0,3.0,1.1247565656140774,38.0,1.0,179.66666666666666,False,3.0,6.773163580246913,3.0,159.0,101.5,129.0,0.0,0.0
False,1.0,3.0,3.0,1.1247565656140774,38.0,1.0,179.66666666666666,False,2.0,6.773163580246913,3.0,151.0,101.5,122.0,0.0,0.0
False,2.0,2.0,2.0,0.2974722489192897,13.0,6.0,249.5,True,3.0,4.25745949074074,2.0,89.0,62.5,8.0,0.0,0.0
False,1.0,2.0,2.0,0.9709505944546686,20.0,10.0,100.0,False,2.0,9.58379050925926,2.0,148.0,100.5,7.0,0.0,0.0
False,1.0,1.0,2.0,0.9709505944546686,5.0,5.0,163.5,False,2.0,0.0037847222222222223,2.0,147.0,99.5,119.0,0.0,0.0
False,1.0,2.0,3.0,1.4197367178034825,13.0,3.0,123.33333333333333,False,2.0,3.3420871913580252,3.0,146.0,98.5,118.0,0.0,0.0
False,2.0,2.0,2.0,0.9182958340544896,10.0,2.0,346.5,False,4.0,3.8186168981481483,2.0,88.0,61.5,33.0,0.0,0.0
False,1.0,2.0,2.0,0.9975025463691153,12.0,5.0,104.0,False,2.0,0.004710648148148148,2.0,145.0,97.5,117.0,0.0,0.0
False,1.0,1.0,1.0,0.0,12.0,7.0,91.0,False,1.0,0.00662037037037037,1.0,144.0,96.5,116.0,0.0,0.0
False,1.0,2.0,3.0,0.7299822923195093,107.0,0.0,102.66666666666667,False,2.0,4.440007716049382,2.0,143.0,96.0,115.0,0.0,0.0
False,0.0,0.0,0.0,0.0,0.0,0.0,0.0,,0.0,0.0,0.0,0.0,0.0,0.0,0.0,0.0
False,0.0,0.0,0.0,0.0,0.0,0.0,0.0,,0.0,0.0,0.0,0.0,0.0,0.0,0.0,0.0
False,0.0,0.0,0.0,0.0,0.0,0.0,0.0,,0.0,0.0,0.0,0.0,0.0,0.0,0.0,0.0
False,0.0,0.0,0.0,0.0,0.0,0.0,0.0,,0.0,0.0,0.0,0.0,0.0,0.0,0.0,0.0
False,1.0,1.0,1.0,0.0,17.0,0.0,251.0,False,3.0,0.7008101851851852,1.0,142.0,96.5,114.0,0.0,0.0
False,1.0,1.0,1.0,0.0,2.0,2.0,271.0,False,3.0,0.6932291666666667,1.0,87.0,60.5,44.0,0.0,0.0
False,1.0,1.0,2.0,0.4843233722040693,143.0,0.0,0.0,False,0.0,0.0,0.0,141.0,95.5,113.0,0.0,0.0
False,0.0,0.0,0.0,0.0,0.0,0.0,0.0,,0.0,0.0,0.0,0.0,0.0,0.0,0.0,0.0
False,0.0,0.0,0.0,0.0,0.0,0.0,0.0,,0.0,0.0,0.0,0.0,0.0,0.0,0.0,0.0
False,0.0,0.0,0.0,0.0,0.0,0.0,0.0,,0.0,0.0,0.0,0.0,0.0,0.0,0.0,0.0
False,1.0,2.0,4.0,1.5341243655232752,52.0,15.0,154.25,False,3.0,2.9984519675925925,3.0,86.0,60.0,43.0,0.0,0.0
False,1.0,3.0,3.0,0.8886865525783176,32.0,16.0,154.33333333333334,False,3.0,3.9371952160493824,3.0,85.0,59.5,42.0,0.0,0.0
False,1.0,1.0,1.0,0.0,7.0,1.0,201.0,False,2.0,7.0102314814814815,1.0,84.0,58.5,41.0,0.0,0.0
False,1.0,1.0,1.0,0.0,1.0,1.0,11.0,False,2.0,10.672025462962964,1.0,83.0,57.5,22.0,0.0,0.0
False,1.0,1.0,1.0,0.0,4.0,5.0,272.0,False,3.0,0.025798611111111112,1.0,82.0,57.0,40.0,0.0,0.0
False,1.0,5.0,5.0,2.321928094887362,5.0,5.0,255.2,False,3.0,2.1866875,4.0,81.0,56.0,39.0,0.0,0.0
False,1.0,1.0,1.0,0.0,26.0,0.0,351.0,False,2.0,6.219375,1.0,80.0,55.0,11.0,0.0,0.0
False,1.0,1.0,1.0,0.0,2.0,0.0,65.0,True,3.0,0.005844907407407407,1.0,79.0,54.0,3.0,0.0,0.0
False,1.0,1.0,1.0,0.0,2.0,1.0,64.0,False,2.0,6.221076388888889,1.0,78.0,53.0,2.0,0.0,0.0
False,1.0,5.0,7.0,2.329246338257412,69.0,1.0,150.71428571428572,False,4.0,5.381081349206348,6.0,77.0,52.0,38.0,0.0,0.0
False,1.0,1.0,1.0,0.0,1.0,1.0,11.0,False,1.0,10.650439814814815,1.0,76.0,51.0,21.0,0.0,0.0
False,1.0,1.0,1.0,0.0,22.0,1.0,251.0,False,3.0,3.2647569444444446,1.0,75.0,50.0,37.0,0.0,0.0
False,0.0,0.0,0.0,0.0,0.0,0.0,0.0,,0.0,0.0,0.0,0.0,0.0,0.0,0.0,0.0
False,2.0,2.0,2.0,0.4854607607459134,18.0,1.0,113.5,True,2.0,8.14224537037037,2.0,98.0,56.5,35.5,0.0,0.0
False,0.0,0.0,0.0,0.0,0.0,0.0,0.0,,0.0,0.0,0.0,0.0,0.0,0.0,0.0,0.0
False,1.0,1.0,1.0,0.0,12.0,0.0,622.0,False,4.0,0.13818287037037036,1.0,97.0,57.0,46.0,0.0,0.0
False,0.0,0.0,0.0,0.0,0.0,0.0,0.0,,0.0,0.0,0.0,0.0,0.0,0.0,0.0,0.0
False,1.0,1.0,1.0,0.0,1.0,1.0,622.0,True,4.0,0.002789351851851852,1.0,96.0,59.0,45.0,0.0,0.0
False,1.0,1.0,1.0,0.0,10.0,0.0,612.0,True,4.0,0.002662037037037037,1.0,95.0,58.0,44.0,0.0,0.0
False,1.0,1.0,1.0,0.0,23.0,23.0,612.0,True,4.0,0.0015393518518518519,1.0,94.0,57.0,43.0,0.0,0.0
False,1.0,1.0,1.0,0.0,0.0,8.0,620.0,True,4.0,0.01810185185185185,1.0,93.0,56.0,42.0,0.0,0.0
False,1.0,1.0,1.0,0.0,27.0,15.0,608.0,True,4.0,0.9956712962962962,1.0,92.0,57.5,41.0,0.0,0.0
False,1.0,1.0,1.0,0.0,2.0,2.0,75.0,True,2.0,2.266516203703704,1.0,140.0,108.0,112.0,0.0,0.0
False,1.0,1.0,1.0,0.0,2.0,1.0,302.0,False,2.0,0.007349537037037037,1.0,139.0,107.0,111.0,0.0,0.0
False,0.0,0.0,0.0,0.0,0.0,0.0,0.0,False,0.0,0.0,0.0,0.0,0.0,0.0,0.0,0.0
False,1.0,3.0,5.0,1.9254106352407239,25.0,9.0,188.8,False,2.0,3.2385208333333333,4.0,138.0,108.5,110.0,0.0,0.0
False,1.0,1.0,1.0,0.0,90.0,46.0,608.0,False,4.0,0.23024305555555555,1.0,137.0,108.0,18.0,0.0,0.0
False,1.0,1.0,1.0,0.0,1.0,1.0,163.0,False,3.0,0.014849537037037038,1.0,74.0,59.0,36.0,0.0,0.0
False,1.0,1.0,2.0,1.0,2.0,2.0,94.5,False,2.0,1.8049652777777778,1.0,73.0,58.5,20.0,0.0,0.0
False,0.0,0.0,0.0,0.0,0.0,0.0,0.0,,0.0,0.0,0.0,0.0,0.0,0.0,0.0,0.0
False,1.0,2.0,2.0,0.9182958340544896,3.0,3.0,165.0,False,5.0,5.487679398148148,2.0,136.0,106.0,109.0,0.0,0.0
False,1.0,2.0,2.0,0.9182958340544896,3.0,3.0,165.0,False,5.0,5.487679398148148,2.0,128.0,99.0,101.0,0.0,0.0
False,1.0,1.0,1.0,0.0,8.0,0.0,155.0,False,3.0,2.226701388888889,1.0,135.0,104.0,108.0,0.0,0.0
False,1.0,1.0,1.0,0.0,8.0,0.0,155.0,False,3.0,2.226701388888889,1.0,127.0,98.0,100.0,0.0,0.0
False,1.0,3.0,4.0,1.5663928587137266,0.0,245.0,190.75,False,3.0,6.249325810185185,4.0,126.0,97.0,99.0,0.0,0.0
False,1.0,3.0,4.0,1.5663928587137266,0.0,245.0,190.75,False,3.0,6.249325810185185,4.0,134.0,102.0,107.0,0.0,0.0
False,0.0,0.0,0.0,0.0,0.0,0.0,0.0,,0.0,0.0,0.0,0.0,0.0,0.0,0.0,0.0
False,1.0,2.0,2.0,0.016716232387994478,563.0,726.0,564.0,False,2.0,9.534375,1.0,133.0,101.0,106.0,0.0,0.0
False,1.0,2.0,2.0,0.016716232387994478,563.0,726.0,564.0,False,1.0,9.534375,1.0,125.0,97.0,98.0,0.0,0.0
False,1.0,1.0,1.0,0.0,1058.0,1058.0,4221.0,False,2.0,0.07490740740740741,1.0,124.0,96.0,97.0,0.0,0.0
False,1.0,1.0,1.0,0.0,1058.0,1058.0,4221.0,False,3.0,0.07490740740740741,1.0,132.0,99.0,105.0,0.0,0.0
False,1.0,1.0,1.0,0.0,1.0,1.0,0.0,False,2.0,9.519305555555556,1.0,131.0,97.0,104.0,0.0,0.0
False,1.0,1.0,1.0,0.0,1.0,1.0,0.0,False,1.0,9.519305555555556,1.0,123.0,95.0,96.0,0.0,0.0
False,0.0,0.0,0.0,0.0,0.0,0.0,0.0,,0.0,0.0,0.0,0.0,0.0,0.0,0.0,0.0
False,1.0,1.0,1.0,0.0,2116.0,992.0,3097.0,False,1.0,9.446469907407407,1.0,69.0,54.5,33.0,0.0,0.0
False,1.0,1.0,1.0,0.0,2116.0,992.0,3097.0,False,3.0,9.446469907407407,1.0,72.0,56.5,35.0,0.0,0.0
False,0.0,0.0,0.0,0.0,0.0,0.0,0.0,,0.0,0.0,0.0,0.0,0.0,0.0,0.0,0.0
False,0.0,0.0,0.0,0.0,0.0,0.0,0.0,,0.0,0.0,0.0,0.0,0.0,0.0,0.0,0.0
False,0.0,0.0,0.0,0.0,0.0,0.0,0.0,,0.0,0.0,0.0,0.0,0.0,0.0,0.0,0.0
False,1.0,1.0,1.0,0.0,2.0,2.0,251.0,True,2.0,2.0622685185185183,1.0,71.0,54.5,34.0,0.0,0.0
False,1.0,1.0,1.0,0.0,2.0,2.0,251.0,True,2.0,2.0622685185185183,1.0,68.0,53.5,32.0,0.0,0.0
False,1.0,2.0,2.0,0.9709505944546686,3.0,2.0,268.0,False,3.0,8.072297453703703,2.0,130.0,98.5,103.0,0.0,0.0
False,1.0,2.0,2.0,0.9709505944546686,3.0,2.0,268.0,False,3.0,8.072297453703703,2.0,122.0,97.5,95.0,0.0,0.0
False,1.0,2.0,2.0,0.8112781244591328,6.0,2.0,265.5,False,2.0,9.190868055555555,2.0,129.0,96.5,102.0,0.0,0.0
False,1.0,2.0,2.0,0.8112781244591328,6.0,2.0,265.5,False,2.0,9.190868055555555,2.0,121.0,96.5,94.0,0.0,0.0
False,1.0,1.0,1.0,0.0,20.0,0.0,588.0,False,4.0,1.6574074074074074,1.0,67.0,55.0,19.0,0.0,0.0
False,1.0,1.0,1.0,0.0,20.0,0.0,588.0,False,4.0,1.6574074074074074,1.0,70.0,55.0,20.0,0.0,0.0